<BackupInst xmlns="http://www.microsoft.com/GroupPolicy/GPOOperations/Manifest"><GPOGuid><![CDATA[{D165D962-797B-4DDE-8501-B3FC698649CA}]]></GPOGuid><GPODomain><![CDATA[PKC.local]]></GPODomain><GPODomainGuid><![CDATA[{4e52fb56-3986-4881-8d04-35e6c1ad87da}]]></GPODomainGuid><GPODomainController><![CDATA[PKCASPMAIDC04.PKC.local]]></GPODomainController><BackupTime><![CDATA[2020-07-01T21:23:49]]></BackupTime><ID><![CDATA[{9530FE6B-F87D-4DFD-9866-3A172E9EAF5B}]]></ID><Comment><![CDATA[]]></Comment><GPODisplayName><![CDATA[Windows Updates - Workstations]]></GPODisplayName></BackupInst>
