<Backups xmlns="http://www.microsoft.com/GroupPolicy/GPOOperations/Manifest" xmlns:mfst="http://www.microsoft.com/GroupPolicy/GPOOperations/Manifest" mfst:version="1.0"><BackupInst><GPOGuid><![CDATA[{D165D962-797B-4DDE-8501-B3FC698649CA}]]></GPOGuid><GPODomain><![CDATA[PKC.local]]></GPODomain><GPODomainGuid><![CDATA[{4e52fb56-3986-4881-8d04-35e6c1ad87da}]]></GPODomainGuid><GPODomainController><![CDATA[PKCASPMAIDC04.PKC.local]]></GPODomainController><BackupTime><![CDATA[2020-07-01T21:22:12]]></BackupTime><ID><![CDATA[{6313B168-F776-41B9-9FD2-1B6AB1256E0A}]]></ID><Comment><![CDATA[Update Policy for Workstations]]></Comment><GPODisplayName><![CDATA[Windows Updates - Workstations]]></GPODisplayName></BackupInst><BackupInst><GPOGuid><![CDATA[{E5C33235-9C3D-47A6-8A4D-27E1C32C7BDD}]]></GPOGuid><GPODomain><![CDATA[PKC.local]]></GPODomain><GPODomainGuid><![CDATA[{4e52fb56-3986-4881-8d04-35e6c1ad87da}]]></GPODomainGuid><GPODomainController><![CDATA[PKCASPMAIDC04.PKC.local]]></GPODomainController><BackupTime><![CDATA[2020-07-01T21:21:59]]></BackupTime><ID><![CDATA[{1BACB0E9-26A3-4001-A54A-A2D98CC9BDDC}]]></ID><Comment><![CDATA[Update Policy for Servers]]></Comment><GPODisplayName><![CDATA[Windows Updates - Servers]]></GPODisplayName></BackupInst><BackupInst><GPOGuid><![CDATA[{B324FFE3-B3A6-42D0-8051-D1750DEA4B98}]]></GPOGuid><GPODomain><![CDATA[PKC.local]]></GPODomain><GPODomainGuid><![CDATA[{4e52fb56-3986-4881-8d04-35e6c1ad87da}]]></GPODomainGuid><GPODomainController><![CDATA[PKCASPMAIDC04.PKC.local]]></GPODomainController><BackupTime><![CDATA[2020-07-01T21:21:35]]></BackupTime><ID><![CDATA[{69C83700-8E1E-4EAF-B7EE-7E3C13E6D6E0}]]></ID><Comment><![CDATA[Hyper-V Server Update Policy]]></Comment><GPODisplayName><![CDATA[Windows Updates - Hyper-V]]></GPODisplayName></BackupInst></Backups>