<BackupInst xmlns="http://www.microsoft.com/GroupPolicy/GPOOperations/Manifest"><GPOGuid><![CDATA[{E5C33235-9C3D-47A6-8A4D-27E1C32C7BDD}]]></GPOGuid><GPODomain><![CDATA[PKC.local]]></GPODomain><GPODomainGuid><![CDATA[{4e52fb56-3986-4881-8d04-35e6c1ad87da}]]></GPODomainGuid><GPODomainController><![CDATA[PKCASPMAIDC04.PKC.local]]></GPODomainController><BackupTime><![CDATA[2020-07-01T21:23:36]]></BackupTime><ID><![CDATA[{2C671F77-5BAB-499D-A7B6-49945D76A77F}]]></ID><Comment><![CDATA[]]></Comment><GPODisplayName><![CDATA[Windows Updates - Servers]]></GPODisplayName></BackupInst>
