<Backups xmlns="http://www.microsoft.com/GroupPolicy/GPOOperations/Manifest" xmlns:mfst="http://www.microsoft.com/GroupPolicy/GPOOperations/Manifest" mfst:version="1.0"><BackupInst><GPOGuid><![CDATA[{B324FFE3-B3A6-42D0-8051-D1750DEA4B98}]]></GPOGuid><GPODomain><![CDATA[PKC.local]]></GPODomain><GPODomainGuid><![CDATA[{4e52fb56-3986-4881-8d04-35e6c1ad87da}]]></GPODomainGuid><GPODomainController><![CDATA[PKCASPMAIDC04.PKC.local]]></GPODomainController><BackupTime><![CDATA[2020-07-01T21:23:25]]></BackupTime><ID><![CDATA[{D0F850B0-B525-4D83-B793-3587A04ABA10}]]></ID><Comment><![CDATA[]]></Comment><GPODisplayName><![CDATA[Windows Updates - Hyper-V]]></GPODisplayName></BackupInst></Backups>